CAIC_Weather_Date,BC Zone,Station,ElevTL,Elev,Temp,MxTp,MnTp,DewP,RH,Spd,Dir,Gst,Pcp1,Pcp24,PcpAc,Sno24,SWE24,SnoHt,SWE,Provider
2018-02-10,Steamboat,Range South,<TL,1928,-1,13,-1,?,?,?,?,?,?,?,?,?,?,?,?,MesoWest
2018-02-10,Steamboat,Steamboat Springs 1,<TL,2042,-3,8,-3,?,?,?,?,?,?,?,?,?,?,?,?,HADS
2018-02-10,Steamboat,U40-Steamboat (040W,<TL,2066,-2,9,-3,-3,95,3,140,5,0.03,0.05,?,?,?,?,?,CODOT
2018-02-10,Steamboat,Steamboat Sprngs,<TL,2096,-3,8,-4,-4,93,8,190,?,?,?,?,?,?,?,?,METAR
2018-02-10,Steamboat,Steamboat Springs 0,<TL,2150,?,?,?,?,?,?,?,?,?,?,?,2.3,0.10,29.2,?,CoCoRaHS
2018-02-10,Steamboat,Steamboat Springs 1,<TL,2163,?,?,?,?,?,?,?,?,?,?,?,3.3,0.25,?,?,CoCoRaHS
2018-02-10,Steamboat,Wolcott 2.3 N CO,<TL,2181,?,?,?,?,?,?,?,?,?,0.00,?,0.0,?,0.0,?,CoCoRaHS
2018-02-10,Steamboat,Steamboat Springs 1,<TL,2195,?,?,?,?,?,?,?,?,?,0.08,?,0.8,?,52.1,?,CoCoRaHS
2018-02-10,Steamboat,Gypsum,<TL,2237,-3,11,-3,-4,89,11,358,26,?,0.00,?,?,?,?,?,RAWS
2018-02-10,Steamboat,Clark 0.7 NW CO,<TL,2239,?,?,?,?,?,?,?,?,?,?,?,5.1,?,?,?,CoCoRaHS
2018-02-10,Steamboat,Hangman,<TL,2388,-3,10,-3,-9,63,18,9,37,?,0.00,?,?,?,?,?,RAWS
2018-02-10,Steamboat,Yampa Ranger Statio,<TL,2402,-5,8,-5,?,?,?,?,?,?,?,?,?,?,?,?,HADS
2018-02-10,Steamboat,Trapper North,<TL,2426,-6,7,-6,?,?,?,?,?,?,?,?,?,?,?,?,UPR
2018-02-10,Steamboat,Dry Lake,<TL,2560,-5,7,-5,-6,90,3,237,10,?,?,0.51,?,?,99.1,26.92,SNOTEL
2018-02-10,Steamboat,Dry Lake,<TL,2565,-7,8,-7,-8,88,10,297,23,?,0.03,?,?,?,?,?,RAWS
2018-02-10,Steamboat,Elk River,<TL,2652,-6,6,-7,?,?,?,?,?,?,?,0.25,?,?,81.3,23.88,SNOTEL
2018-02-10,Steamboat,Elkhead Divide,<TL,2676,-6,6,-6,?,?,?,?,?,?,?,0.25,?,?,78.7,21.34,SNOTEL
2018-02-10,Steamboat,Lynx Pass,<TL,2707,-5,7,-6,?,?,?,?,?,?,?,0.00,?,?,61.0,16.00,SNOTEL
2018-02-10,Steamboat,Walden 16.3 WSW CO,<TL,2717,?,?,?,?,?,?,?,?,?,?,?,20.3,?,?,?,CoCoRaHS
2018-02-10,Steamboat,Porcupine Cr,<TL,2725,-7,6,-7,-10,80,8,252,19,?,0.00,?,?,?,?,?,RAWS
2018-02-10,Steamboat,Bear River,<TL,2768,-6,5,-6,?,?,?,?,?,?,?,0.51,?,?,66.0,16.76,SNOTEL
2018-02-10,Steamboat,Crosho,<TL,2774,-5,7,-5,?,?,?,?,?,?,?,0.00,?,?,55.9,12.70,SNOTEL
2018-02-10,Steamboat,Columbine,<TL,2792,-6,6,-6,?,?,?,?,?,?,?,0.25,?,?,121.9,36.83,SNOTEL
2018-02-10,Steamboat,Buffalo Park,<TL,2817,-6,5,-6,?,?,?,?,?,?,?,0.25,?,?,104.1,27.43,SNOTEL
2018-02-10,Steamboat,Lost Dog,<TL,2841,-7,4,-7,?,?,?,?,?,?,?,0.25,?,?,106.7,29.72,SNOTEL
2018-02-10,Steamboat,Zirkel,<TL,2847,-7,3,-7,?,?,?,?,?,?,?,1.02,?,?,152.4,43.18,SNOTEL
2018-02-10,Steamboat,Rabbit Ears,<TL,2865,-7,6,-7,?,?,?,?,?,?,?,?,?,?,109.2,26.67,SNOTEL
2018-02-10,Steamboat,Burro Mountain,<TL,2865,-5,7,-5,?,?,?,?,?,?,?,0.00,?,?,?,13.46,SNOTEL
2018-02-10,Steamboat,Steamboat Lake Stat,<TL,2871,-6,5,-7,-10,76,6,240,25,?,?,?,?,?,47.8,?,CAIC
2018-02-10,Steamboat,Willow Creek Pass,<TL,2908,-6,5,-7,?,?,?,?,?,?,?,0.25,?,?,?,22.61,SNOTEL
2018-02-10,Steamboat,Trapper Lake,<TL,2957,-7,4,-7,?,?,?,?,?,?,?,0.00,?,?,25.4,7.87,SNOTEL
2018-02-10,Steamboat,Ripple Creek,TL,3152,-8,2,-8,?,?,?,?,?,?,?,0.00,?,?,124.5,34.04,SNOTEL
2018-02-10,Steamboat,Tower,TL,3201,-10,-2,-10,?,?,?,?,?,?,?,0.00,?,?,193.0,57.40,SNOTEL
2018-02-10,Steamboat,Walton Peak,TL,3224,-10,-1,-10,-11,92,19,260,28,?,?,?,?,?,?,?,METAR
2018-02-10,Steamboat,Bison Lake,TL,3316,-8,-1,-8,?,?,?,?,?,?,?,0.00,?,?,?,25.15,SNOTEL
2018-02-10,Gunnison,Paonia Reservoir nr,<TL,1975,1,12,0,?,?,?,?,?,?,?,0.03,?,?,?,?,HADS
2018-02-10,Gunnison,Blue Mesa Dam nr Gu,<TL,2240,0,10,0,?,?,?,?,?,?,?,0.00,?,?,?,?,HADS
2018-02-10,Gunnison,Gunnison Arpt,<TL,2339,-1,1,-5,-1,96,15,250,?,0.03,?,?,?,?,?,?,METAR
2018-02-10,Gunnison,Gunnison 0.8 NNW CO,<TL,2349,?,?,?,?,?,?,?,?,?,?,?,0.0,?,?,?,CoCoRaHS
2018-02-10,Gunnison,CW1428 Gunnison,<TL,2352,0,10,-4,-3,78,5,204,?,?,?,?,?,?,?,?,APRSWXNET
2018-02-10,Gunnison,Gunnison 6.6 N CO,<TL,2422,?,?,?,?,?,?,?,?,?,?,?,0.0,?,?,?,CoCoRaHS
2018-02-10,Gunnison,Almont,<TL,2440,0,13,-7,?,?,?,?,?,?,?,0.00,?,?,?,?,HADS
2018-02-10,Gunnison,Parlin 2.7 ESE CO,<TL,2562,?,?,?,?,?,?,?,?,?,0.00,?,0.0,?,?,?,CoCoRaHS
2018-02-10,Gunnison,Crested Butte,<TL,2701,-1,6,-2,?,?,?,?,?,?,?,?,?,?,?,?,HADS
2018-02-10,Gunnison,Crested Butte (RWIS,<TL,2721,-3,5,-3,-4,87,10,0,21,0.03,0.10,?,?,?,?,?,CODOT
2018-02-10,Gunnison,Silver Jack Reservo,<TL,2721,?,?,?,?,?,?,?,?,?,?,0.18,?,?,?,?,HADS
2018-02-10,Gunnison,Taylor Park,<TL,2795,-20,6,-23,?,?,?,?,?,?,?,0.00,?,?,?,?,HADS
2018-02-10,Gunnison,Kettle Ponds,<TL,2841,-3,3,-4,-4,96,6,130,?,?,?,?,?,?,?,?,RMBL
2018-02-10,Gunnison,Billy Barr House,<TL,2905,-3,4,-4,-4,95,2,207,?,?,?,?,?,?,?,?,RMBL
2018-02-10,Gunnison,Park Cone,<TL,2926,-1,5,-3,?,?,?,?,?,?,?,0.25,?,?,?,12.70,SNOTEL
2018-02-10,Gunnison,Judd Falls,<TL,2974,-4,4,-4,-5,96,2,256,?,?,?,?,?,?,430.5,?,RMBL
2018-02-10,Gunnison,Crested Butte 6.2 N,<TL,2991,?,?,?,?,?,?,?,?,?,0.00,?,0.0,0.00,66.0,?,CoCoRaHS
2018-02-10,Gunnison,Mexican Cut,TL,3094,-7,-2,-7,-8,94,2,337,?,?,?,?,?,?,?,?,RMBL
2018-02-10,Gunnison,Butte,TL,3097,-2,3,-3,?,?,?,?,?,?,?,0.00,?,?,63.5,13.97,SNOTEL
2018-02-10,Gunnison,Irwin Guides StudyP,TL,3170,-6,1,-6,-7,88,10,113,30,0.00,?,0.00,?,?,86.9,?,IrwinGuide
2018-02-10,Gunnison,Taylor Park,TL,3201,-4,6,-4,-6,89,13,225,24,?,0.00,?,?,?,?,?,RAWS
2018-02-10,Gunnison,Upper Taylor,TL,3243,-4,5,-4,?,?,?,?,?,?,?,0.25,?,?,63.5,15.75,SNOTEL
2018-02-10,Gunnison,Snodgrass Mt,TL,3332,-6,2,-6,-7,94,1,47,?,?,?,?,?,?,?,?,RMBL
2018-02-10,Gunnison,Elkton,TL,3383,-7,-2,-7,-8,95,6,244,19,?,?,?,?,?,57.1,?,DanK
2018-02-10,Gunnison,Crested Butte Mtn R,TL,3444,-8,-2,-8,?,?,20,226,36,?,?,?,?,?,?,?,CBMR
2018-02-10,Gunnison,Irwin Guides RidgeT,>TL,3658,-9,-5,-9,-11,88,35,247,66,?,?,?,?,?,?,?,IrwinGuide
2018-02-10,Sangre,Cotopaxi 4.9 SE CO,<TL,2194,?,?,?,?,?,?,?,?,?,?,?,0.0,?,?,?,CoCoRaHS
2018-02-10,Sangre,Cotopaxi 4.8 SSE CO,<TL,2256,?,?,?,?,?,?,?,?,?,?,?,0.0,?,?,?,CoCoRaHS
2018-02-10,Sangre,Copper Gulch,<TL,2266,-6,13,-10,-9,81,5,6,14,?,0.00,?,?,?,?,?,RAWS
2018-02-10,Sangre,Texas Creek 6.2 SE,<TL,2317,?,?,?,?,?,?,?,?,?,0.00,?,0.0,?,0.0,?,CoCoRaHS
2018-02-10,Sangre,San Luis 8.8 SW CO,<TL,2387,?,?,?,?,?,?,?,?,?,?,?,0.0,?,?,?,CoCoRaHS
2018-02-10,Sangre,Crestone 1.2 SSE CO,<TL,2430,?,?,?,?,?,?,?,?,?,?,?,0.0,?,0.0,?,CoCoRaHS
2018-02-10,Sangre,Sand Dunes,<TL,2537,7,12,-3,-10,29,19,220,42,?,0.00,?,?,?,?,?,RAWS
2018-02-10,Sangre,CW7195 Westcliffe,<TL,2640,5,8,-8,-11,31,6,174,21,?,0.00,?,?,?,?,?,APRSWXNET
2018-02-10,Sangre,La Veta Pass (160W2,<TL,2882,3,8,-2,-9,40,39,120,63,?,?,?,?,?,?,?,CODOT
2018-02-10,Sangre,Medano Pass,<TL,2932,4,7,1,?,?,?,?,?,?,?,0.00,?,?,2.5,1.78,SNOTEL
2018-02-10,Sangre,Hayden Pass,TL,3267,-3,5,-4,?,?,?,?,?,?,?,0.00,?,?,15.2,4.83,MesoWest
2018-02-10,Sangre,South Colony,TL,3292,-1,4,-1,?,?,?,?,?,?,?,0.00,?,?,30.5,7.11,SNOTEL
2018-02-10,Sawatch,Nathrop 3.3 WSW CO,<TL,2427,?,?,?,?,?,?,?,?,?,?,?,0.0,?,1.3,?,CoCoRaHS
2018-02-10,Sawatch,Buena Vista 1.5 WNW,<TL,2458,?,?,?,?,?,?,?,?,?,?,?,0.0,?,?,?,CoCoRaHS
2018-02-10,Sawatch,Salida 9.1 NW CO,<TL,2537,?,?,?,?,?,?,?,?,?,?,?,0.0,?,?,?,CoCoRaHS
2018-02-10,Sawatch,CW3993 Poncha Sprin,<TL,2563,0,9,-1,-3,80,8,214,29,?,0.00,?,?,?,?,?,APRSWXNET
2018-02-10,Sawatch,Sargents,<TL,2582,-1,9,-11,?,?,?,?,?,?,?,?,?,?,?,?,MesoWest
2018-02-10,Sawatch,Sargents 0.3 NE CO,<TL,2627,?,?,?,?,?,?,?,?,?,?,?,0.0,?,?,?,CoCoRaHS
2018-02-10,Sawatch,Buena Vista 8.9 NNW,<TL,2631,?,?,?,?,?,?,?,?,?,?,?,0.0,?,?,?,CoCoRaHS
2018-02-10,Sawatch,Maysville 2.2 NE CO,<TL,2657,?,?,?,?,?,?,?,?,?,?,?,0.0,?,0.0,?,CoCoRaHS
2018-02-10,Sawatch,Red Deer,<TL,2660,0,9,0,-4,74,10,160,21,?,0.00,?,?,?,?,?,RAWS
2018-02-10,Sawatch,Buena Vista 4.0 WNW,<TL,2668,?,?,?,?,?,?,?,?,?,0.00,?,0.0,?,?,?,CoCoRaHS
2018-02-10,Sawatch,Arkansas River at G,<TL,2717,?,?,?,?,?,?,?,?,?,?,0.00,?,?,?,?,HADS
2018-02-10,Sawatch,Needle Creek,<TL,2741,-2,8,-2,-3,90,8,275,13,?,0.00,?,?,?,?,?,RAWS
2018-02-10,Sawatch,Jones Hill,<TL,2912,-1,7,-1,-5,77,10,207,19,?,0.00,?,?,?,?,?,RAWS
2018-02-10,Sawatch,Lodge Pole Flats,<TL,2939,-4,7,-4,-5,89,8,19,18,?,0.00,?,?,?,?,?,RAWS
2018-02-10,Sawatch,Cottonwood Pass,<TL,2995,1,8,1,-2,80,11,250,28,?,?,?,?,?,?,?,METAR
2018-02-10,Sawatch,Leadville,TL,3026,-5,-2,-5,-6,92,9,340,?,0.05,?,?,?,?,?,?,METAR
2018-02-10,Sawatch,Leadville 1.4 WNW C,TL,3027,?,?,?,?,?,?,?,?,?,?,?,0.0,?,?,?,CoCoRaHS
2018-02-10,Sawatch,CMC Leadville,TL,3056,-4,5,-5,-7,83,3,348,6,0.10,0.25,?,?,?,?,?,ColoMtnCol
2018-02-10,Sawatch,Fairplay 2.7 WNW CO,TL,3100,?,?,?,?,?,?,?,?,?,0.00,?,0.0,0.00,29.2,?,CoCoRaHS
2018-02-10,Sawatch,Fairplay 2.7 SW CO,TL,3145,?,?,?,?,?,?,?,?,?,?,?,0.0,?,?,?,CoCoRaHS
2018-02-10,Sawatch,Rough and Tumble,TL,3158,-2,5,-2,?,?,?,?,?,?,?,0.00,?,?,17.8,5.08,SNOTEL
2018-02-10,Sawatch,Twin Lake Tunnel nr,TL,3192,?,?,?,?,?,?,?,?,?,?,0.00,?,?,?,?,HADS
2018-02-10,Sawatch,Saint Elmo,TL,3213,-3,4,-4,?,?,?,?,?,?,?,0.25,?,?,?,11.43,MesoWest
2018-02-10,Sawatch,Brumley,TL,3231,-4,4,-4,?,?,?,?,?,?,?,0.25,?,?,68.6,13.72,SNOTEL
2018-02-10,Sawatch,Porphyry Creek,TL,3280,-4,2,-6,?,?,?,?,?,?,?,0.00,?,?,?,18.29,SNOTEL
2018-02-10,Sawatch,WA5BGT Fairplay,TL,3365,-6,-4,-6,-9,81,0,326,?,?,?,?,?,?,?,?,APRSWXNET
2018-02-10,Sawatch,Buckskin Joe,TL,3399,-4,3,-4,?,?,?,?,?,?,?,0.25,?,?,66.0,15.49,SNOTEL
2018-02-10,Sawatch,Monarch Pass (050E2,TL,3438,-7,-1,-8,-8,92,11,0,21,0.33,0.99,?,?,?,?,?,CODOT
2018-02-10,Sawatch,Sargents Mesa,>TL,3514,-4,3,-4,?,?,?,?,?,?,?,0.25,?,?,?,10.16,MesoWest
2018-02-10,Sawatch,CMC Mt Zion,>TL,3594,-9,-1,-9,-10,93,0,339,4,?,?,?,?,?,?,?,ColoMtnCol
2018-02-10,Sawatch,Cottonwood Pass,>TL,3597,-8,-3,-8,-9,95,21,285,51,?,?,?,?,?,74.4,?,CAIC
2018-02-10,Sawatch,Monarch Mountain,>TL,3643,-8,-3,-9,-9,92,47,250,73,?,?,?,?,?,?,?,MonarchSA
2018-02-10,Sawatch,Monarch Pass,>TL,3667,-7,-1,-7,-8,93,59,260,78,?,?,?,?,?,?,?,METAR
2018-02-10,Grand Mesa,Paonia 1SW,<TL,1701,5,16,2,?,?,?,?,?,?,?,0.00,?,?,?,?,HADS
2018-02-10,Grand Mesa,Jay,<TL,1890,3,14,3,-1,71,13,303,40,?,0.00,?,?,?,?,?,RAWS
2018-02-10,Grand Mesa,DW1827 Mesa,<TL,2454,-2,8,-2,-4,85,0,360,?,?,?,?,?,?,?,?,APRSWXNET
2018-02-10,Grand Mesa,Douglas Pass (139S0,<TL,2508,-4,6,-4,-4,97,23,355,37,?,?,?,?,?,?,?,CODOT
2018-02-10,Grand Mesa,Overland Res,TL,3011,-3,5,-3,?,?,?,?,?,?,?,0.00,?,?,?,5.33,SNOTEL
2018-02-10,Grand Mesa,Park Reservoir,TL,3036,-3,5,-3,?,?,?,?,?,?,?,0.00,?,?,58.4,12.19,SNOTEL
2018-02-10,Grand Mesa,Mesa Lakes,TL,3048,-4,4,-4,?,?,?,?,?,?,?,0.00,?,?,?,8.13,SNOTEL
2018-02-10,Grand Mesa,Cedaredge 10.5 NNW,TL,3170,?,?,?,?,?,?,?,?,?,0.00,?,0.0,?,?,?,CoCoRaHS
2018-02-10,Grand Mesa,Grand Mesa-Skyway P,TL,3239,-7,2,-7,-8,90,3,276,18,?,?,?,?,?,53.6,?,JPL
2018-02-10,South San Juan,Durango (550N022),<TL,1982,6,17,-2,-6,43,14,175,19,0.00,0.00,?,?,?,?,?,CODOT
2018-02-10,South San Juan,Durango .35 E CO,<TL,1997,?,?,?,?,?,?,?,?,?,0.00,?,0.0,?,?,?,CoCoRaHS
2018-02-10,South San Juan,Hesperus 13.3 SSW C,<TL,2038,?,?,?,?,?,?,?,?,?,0.00,?,0.0,?,?,?,CoCoRaHS
2018-02-10,South San Juan,Dur-La Plata Arp,<TL,2038,6,7,-6,-8,36,9,130,?,?,?,?,?,?,?,?,METAR
2018-02-10,South San Juan,Durango 7.1 N CO,<TL,2052,?,?,?,?,?,?,?,?,?,0.00,?,0.0,?,?,?,CoCoRaHS
2018-02-10,South San Juan,CW6135 Bayfield,<TL,2127,7,14,-4,-7,37,2,185,19,?,0.00,?,?,?,?,?,APRSWXNET
2018-02-10,South San Juan,Bayfield 0.3 N CO,<TL,2130,?,?,?,?,?,?,?,?,?,?,?,0.0,?,?,?,CoCoRaHS
2018-02-10,South San Juan,Bayfield 0.6 WSW CO,<TL,2131,?,?,?,?,?,?,?,?,?,0.00,?,0.0,?,?,?,CoCoRaHS
2018-02-10,South San Juan,Durango 4.9 ESE CO,<TL,2145,?,?,?,?,?,?,?,?,?,?,?,0.0,?,?,?,CoCoRaHS
2018-02-10,South San Juan,Pagosa Springs (160,<TL,2212,5,13,-6,-4,50,0,180,3,?,?,?,?,?,?,?,CODOT
2018-02-10,South San Juan,Mesa Mtn,<TL,2249,7,12,1,-11,26,19,240,29,?,0.00,?,?,?,?,?,RAWS
2018-02-10,South San Juan,K9NRG Pagosa Spring,<TL,2256,6,13,-3,-10,31,2,205,5,?,0.00,?,?,?,?,?,APRSWXNET
2018-02-10,South San Juan,Devil Mtn,<TL,2274,6,13,1,-10,32,6,285,13,?,0.00,?,?,?,?,?,RAWS
2018-02-10,South San Juan,N6PTL Durango,<TL,2289,3,14,-1,-8,43,3,245,11,?,0.00,?,?,?,?,?,APRSWXNET
2018-02-10,South San Juan,Pagosa Springs,<TL,2334,5,5,-3,-10,33,5,150,?,?,?,?,?,?,?,?,METAR
2018-02-10,South San Juan,Vallecito Res Bayfi,<TL,2339,4,11,-3,?,?,?,?,?,?,?,0.00,?,?,?,?,HADS
2018-02-10,South San Juan,Bayfield 7.0 N CO,<TL,2364,?,?,?,?,?,?,?,?,?,?,?,0.0,?,?,?,CoCoRaHS
2018-02-10,South San Juan,Navajo Rvr at Bande,<TL,2420,5,10,-6,?,?,?,?,?,?,?,0.00,?,?,?,?,HADS
2018-02-10,South San Juan,Log Chute,<TL,2516,3,11,-1,-10,39,6,133,13,?,0.00,?,?,?,?,?,RAWS
2018-02-10,South San Juan,Sandoval Mesa,<TL,2588,5,10,-1,-11,31,18,192,27,?,0.00,?,?,?,?,?,RAWS
2018-02-10,South San Juan,Cascade,<TL,2707,3,12,-1,?,?,?,?,?,?,?,0.25,?,?,7.6,2.54,SNOTEL
2018-02-10,South San Juan,Cascade #2,<TL,2719,3,12,-1,?,?,?,?,?,?,?,0.00,?,?,?,2.03,SNOTEL
2018-02-10,South San Juan,Scotch Creek,<TL,2774,3,8,-4,?,?,?,?,?,?,?,0.00,?,?,25.4,5.84,SNOTEL
2018-02-10,South San Juan,Pagosa Springs 9.1,<TL,2823,?,?,?,?,?,?,?,?,?,?,?,0.0,?,0.0,?,CoCoRaHS
2018-02-10,South San Juan,Conejos Rvr Blo Pla,TL,3011,1,5,-3,?,?,?,?,?,?,?,?,?,?,?,?,HADS
2018-02-10,South San Juan,Mancos,TL,3048,0,6,0,?,?,?,?,?,?,?,0.00,?,?,30.5,9.65,SNOTEL
2018-02-10,South San Juan,Cumbres Trestle,TL,3054,2,6,-3,?,?,?,?,?,?,?,0.25,?,?,63.5,16.51,SNOTEL
2018-02-10,South San Juan,Upper San Juan,TL,3088,0,7,-7,?,?,?,?,?,?,?,0.25,?,?,43.2,14.73,SNOTEL
2018-02-10,South San Juan,Wolf Creek Pass (16,TL,3169,-2,4,-3,-12,50,14,265,27,0.00,0.00,?,?,?,?,?,CODOT
2018-02-10,South San Juan,Big Bear Park,TL,3170,-2,6,-2,-12,48,10,206,27,?,0.00,?,?,?,?,?,RAWS
2018-02-10,South San Juan,Coal Bank Pass,TL,3243,-2,7,-4,-10,54,3,232,16,?,?,?,?,?,0.0,0.00,CAIC
2018-02-10,South San Juan,Spud Mountain,TL,3249,-2,8,-2,?,?,?,?,?,?,?,0.00,?,?,38.1,11.18,SNOTEL
2018-02-10,South San Juan,Sharkstooth,TL,3268,-1,5,-2,?,?,?,?,?,?,?,0.25,?,?,43.2,10.92,SNOTEL
2018-02-10,South San Juan,Columbus Basin,TL,3288,-1,4,-1,?,?,?,?,?,?,?,0.25,?,?,58.4,13.46,SNOTEL
2018-02-10,South San Juan,Vallecito,TL,3316,-1,4,-3,?,?,?,?,?,?,?,0.00,?,?,17.8,5.33,SNOTEL
2018-02-10,South San Juan,Lily Pond,TL,3353,2,7,-2,?,?,?,?,?,?,?,0.00,?,?,27.9,9.40,SNOTEL
2018-02-10,South San Juan,Wolf Creek Summit,TL,3353,-1,5,-3,?,?,?,?,?,?,?,0.25,?,?,78.7,22.10,SNOTEL
2018-02-10,South San Juan,Stump Lakes,TL,3414,-2,4,-4,?,?,?,?,?,?,?,0.00,?,?,40.6,9.65,SNOTEL
2018-02-10,South San Juan,Middle Creek,TL,3429,-2,4,-3,?,?,?,?,?,?,?,0.00,?,?,27.9,11.18,SNOTEL
2018-02-10,South San Juan,Wolf Creek Pass,>TL,3584,-6,-1,-7,-11,68,28,180,48,?,?,?,?,?,?,?,METAR
2018-02-10,South San Juan,Wolf Creek Pass,>TL,3597,-7,-2,-7,-12,68,35,226,66,?,?,?,?,?,?,?,CAIC
2018-02-10,Vail/Summit,Wolcott (070W155),<TL,2152,-3,10,-3,-5,89,3,110,14,0.00,0.03,?,?,?,?,?,CODOT
2018-02-10,Vail/Summit,Mc Elroy/Kremmli,<TL,2259,1,13,1,-8,51,8,340,?,?,?,?,?,?,?,?,METAR
2018-02-10,Vail/Summit,Dowd Jct (070E171),<TL,2366,-4,8,-4,-4,99,16,35,23,0.03,0.10,?,?,?,?,?,CODOT
2018-02-10,Vail/Summit,Elliot Ck Canal nr,<TL,2437,?,?,?,?,?,4,323,?,?,?,0.00,?,?,?,?,MesoWest
2018-02-10,Vail/Summit,Silverthorne 21 NW,<TL,2465,?,?,?,?,?,?,?,?,?,?,?,0.0,?,2.5,?,CoCoRaHS
2018-02-10,Vail/Summit,CW9352 Avon,<TL,2469,-4,8,-4,-5,92,0,171,3,?,0.00,?,?,?,?,?,APRSWXNET
2018-02-10,Vail/Summit,Beaver Ck Village,<TL,2591,-3,7,-3,?,?,?,?,?,?,?,0.51,?,?,?,11.68,SNOTEL
2018-02-10,Vail/Summit,CW9561 Kremmling,<TL,2629,-4,7,-5,-10,66,2,21,?,?,?,?,?,?,?,?,APRSWXNET
2018-02-10,Vail/Summit,Vail 0.9 WNW CO,<TL,2684,?,?,?,?,?,?,?,?,?,0.00,?,0.0,?,?,?,CoCoRaHS
2018-02-10,Vail/Summit,Silverthorne (RWIS),<TL,2703,-7,5,-7,-8,92,10,0,26,0.03,0.76,?,?,?,?,?,CODOT
2018-02-10,Vail/Summit,Middle Fork Camp,<TL,2743,-5,7,-5,?,?,11,280,26,?,?,1.27,?,?,?,14.22,SNOTEL
2018-02-10,Vail/Summit,Dillon 1E,<TL,2763,-1,10,-1,?,?,?,?,?,?,?,0.51,?,?,?,?,MesoWest
2018-02-10,Vail/Summit,Dowd Junction,<TL,2764,-6,6,-6,-7,93,13,286,24,?,0.00,?,?,?,?,?,RAWS
2018-02-10,Vail/Summit,Dillon 2.3 SE CO,<TL,2776,?,?,?,?,?,?,?,?,?,?,?,6.1,?,25.4,?,CoCoRaHS
2018-02-10,Vail/Summit,Frisco 0.5 N CO,<TL,2790,?,?,?,?,?,?,?,?,?,0.10,?,2.5,?,50.8,?,CoCoRaHS
2018-02-10,Vail/Summit,Summit Ranch,<TL,2865,-6,5,-6,?,?,?,?,?,?,?,0.25,?,?,71.1,15.24,SNOTEL
2018-02-10,Vail/Summit,McCoy Park,<TL,2890,-5,6,-5,?,?,?,?,?,?,?,0.25,?,?,68.6,12.45,SNOTEL
2018-02-10,Vail/Summit,Silverthorne 2.1 WS,<TL,2893,?,?,?,?,?,?,?,?,?,0.69,?,8.9,?,69.6,?,CoCoRaHS
2018-02-10,Vail/Summit,Vail 2.6 E CO,TL,3082,?,?,?,?,?,?,?,?,?,0.05,?,0.8,?,13.7,?,CoCoRaHS
2018-02-10,Vail/Summit,Breckenridge 5S,TL,3118,-2,6,-2,?,?,?,?,?,?,?,0.25,?,?,?,?,HADS
2018-02-10,Vail/Summit,Vail Mountain,TL,3139,?,?,?,?,?,?,?,?,?,?,?,?,?,81.3,19.56,SNOTEL
2018-02-10,Vail/Summit,Vail SA - Mid-Mtn,TL,3140,-8,0,-8,-9,95,4,340,14,?,?,?,12.2,?,116.1,?,VailResort
2018-02-10,Vail/Summit,Copper Mountain,TL,3201,-5,3,-5,?,?,?,?,?,?,?,0.25,?,?,83.8,19.05,SNOTEL
2018-02-10,Vail/Summit,Elliot Ridge,TL,3206,?,?,?,?,?,?,?,?,?,?,?,?,?,88.9,25.15,MesoWest
2018-02-10,Vail/Summit,Vail Pass (070E191),TL,3228,-7,1,-7,-8,91,10,14,11,0.00,0.05,?,?,?,?,?,CODOT
2018-02-10,Vail/Summit,Vail SA - China Bow,TL,3362,-9,-2,-9,-11,88,15,280,43,?,?,?,?,?,?,?,VailResort
2018-02-10,Vail/Summit,EJT West Portal (07,TL,3375,-12,-1,-12,-12,97,10,0,35,0.03,0.81,?,?,?,?,?,CODOT
2018-02-10,Vail/Summit,Grizzly Peak,TL,3384,-7,1,-7,?,?,?,?,?,?,?,0.51,?,?,134.6,29.46,SNOTEL
2018-02-10,Vail/Summit,Vail SA - Blue Sky,TL,3386,-9,-2,-9,-10,91,22,267,33,?,?,?,?,?,?,?,VailResort
2018-02-10,Vail/Summit,Vail SA - PHQ,TL,3428,-9,-3,-9,-11,89,4,335,23,?,?,?,?,?,?,?,VailResort
2018-02-10,Vail/Summit,Fremont Pass (091S0,TL,3445,-8,0,-8,-22,33,11,345,14,0.03,0.08,?,?,?,?,?,CODOT
2018-02-10,Vail/Summit,Hoosier Pass,TL,3475,-7,2,-7,?,?,4,15,14,?,?,0.51,?,?,104.1,25.15,SNOTEL
2018-02-10,Vail/Summit,Fremont Pass,TL,3475,-5,1,-6,?,?,?,?,?,?,?,0.76,?,?,116.8,26.92,SNOTEL
2018-02-10,Vail/Summit,A-Basin SA-MidMtn,>TL,3554,-8,-3,-8,-10,85,?,?,?,?,?,?,10.4,?,129.5,?,A-BasinSA
2018-02-10,Vail/Summit,A-Basin SA-Pali,>TL,3633,-10,-5,-10,-12,85,10,313,39,?,?,?,?,?,?,?,A-BasinSA
2018-02-10,Vail/Summit,Copper Mountain,>TL,3680,-7,0,-7,-10,79,?,?,?,?,?,?,?,?,?,?,METAR
2018-02-10,Vail/Summit,A-Basin SA-Summit,>TL,3798,-13,-7,-13,-14,94,19,286,38,?,?,?,?,?,?,?,A-BasinSA
2018-02-10,Vail/Summit,Breck SA - Peak 6,>TL,3832,-11,-6,-11,-13,90,24,288,42,?,?,?,?,?,?,?,VailResort
2018-02-10,Vail/Summit,Breck SA - Peak 8,>TL,3962,-12,-7,-12,-13,90,16,292,28,?,?,?,?,?,?,?,VailResort
2018-02-10,Aspen,Carbondale 0.5 W CO,<TL,1870,?,?,?,?,?,?,?,?,?,0.00,?,0.0,?,0.0,?,CoCoRaHS
2018-02-10,Aspen,Basalt-Holland Hill,<TL,2026,0,13,0,-1,96,0,175,10,0.00,0.03,?,?,?,?,?,CODOT
2018-02-10,Aspen,Old Snowmass (082E0,<TL,2103,-2,12,-2,-2,95,6,130,16,0.00,0.03,?,?,?,?,?,CODOT
2018-02-10,Aspen,Snowmass Canyon (08,<TL,2124,-1,9,-1,-2,92,3,5,19,0.00,0.03,?,?,?,?,?,CODOT
2018-02-10,Aspen,Carbondale 4.6 NNE,<TL,2124,?,?,?,?,?,?,?,?,?,?,?,0.0,0.00,2.5,?,CoCoRaHS
2018-02-10,Aspen,Brush Creek (082W03,<TL,2246,-1,11,-2,-3,86,3,10,10,0.00,0.00,?,?,?,?,?,CODOT
2018-02-10,Aspen,Basalt 5.8 E CO,<TL,2350,?,?,?,?,?,?,?,?,?,?,?,0.0,?,3.8,?,CoCoRaHS
2018-02-10,Aspen,Aspen-Cemetery Lane,<TL,2373,-2,9,-2,-3,93,2,245,3,0.03,0.08,?,?,?,?,?,CODOT
2018-02-10,Aspen,Ruedi Reservoir,<TL,2374,-2,8,-2,?,?,?,?,?,?,?,0.25,?,?,?,?,HADS
2018-02-10,Aspen,Frying Pan River at,<TL,2377,-2,9,-2,?,?,?,?,?,?,?,?,?,?,?,?,HADS
2018-02-10,Aspen,Aspen/Sardy Field,<TL,2382,-2,6,-2,-2,96,9,360,?,0.15,?,?,?,?,?,?,METAR
2018-02-10,Aspen,The Crown,<TL,2531,-3,9,-3,-4,95,19,336,27,?,0.00,?,?,?,?,?,RAWS
2018-02-10,Aspen,Snowmass SA Base,<TL,2626,-4,6,-4,-5,93,?,?,?,?,?,?,?,?,?,?,AspenSkiCo
2018-02-10,Aspen,Nast Lake,<TL,2652,-2,8,-2,?,?,?,?,?,?,?,0.25,?,?,?,12.45,SNOTEL
2018-02-10,Aspen,McClure Pass,<TL,2675,-1,7,-1,?,?,?,?,?,?,?,0.25,?,?,?,10.67,SNOTEL
2018-02-10,Aspen,North Lost Trail,<TL,2804,-2,6,-2,?,?,?,?,?,?,?,0.00,?,?,?,14.73,SNOTEL
2018-02-10,Aspen,Kiln,<TL,2926,-4,5,-4,?,?,?,?,?,?,?,0.51,?,?,63.5,14.48,SNOTEL
2018-02-10,Aspen,Chapman Tunnel,TL,3082,-4,4,-4,?,?,?,?,?,?,?,0.51,?,?,?,17.27,MesoWest
2018-02-10,Aspen,Aspen SA - Gents Ba,TL,3094,-6,2,-6,-7,92,?,?,?,?,?,?,?,?,2.3,?,AspenSkiCo
2018-02-10,Aspen,Ivanhoe,TL,3170,-5,3,-5,?,?,?,?,?,?,?,0.25,?,?,109.2,25.40,SNOTEL
2018-02-10,Aspen,Aspen SA - Bell,TL,3231,?,?,?,?,?,11,324,23,?,?,?,?,?,?,?,AspenSkiCo
2018-02-10,Aspen,Independence Pass,TL,3231,-4,5,-5,?,?,?,?,?,?,?,0.51,?,?,68.6,17.53,SNOTEL
2018-02-10,Aspen,Sunlight,TL,3232,-7,0,-7,-9,86,15,260,?,?,?,?,?,?,?,?,METAR
2018-02-10,Aspen,Schofield Pass,TL,3262,-4,2,-4,?,?,?,?,?,?,?,0.25,?,?,454.7,35.31,SNOTEL
2018-02-10,Aspen,Aspen Highlands Cld,TL,3300,-8,-1,-8,-9,91,?,?,?,?,?,0.00,0.0,?,95.2,?,AspenSkiCo
2018-02-10,Aspen,Aspen SA - Gents To,TL,3409,-8,1,-8,-9,93,?,?,?,?,?,?,?,?,67.6,?,AspenSkiCo
2018-02-10,Aspen,Aspen SA - Top Wind,TL,3417,?,?,?,?,?,7,305,23,?,?,?,?,?,?,?,AspenSkiCo
2018-02-10,Aspen,Snowmass SA Elk Cam,TL,3468,-9,0,-9,-9,93,5,351,16,?,?,?,?,?,?,?,AspenSkiCo
2018-02-10,Aspen,Snowmass SA Timberl,>TL,3512,-8,-1,-8,-9,90,?,?,?,0.25,0.84,?,10.4,?,126.0,?,AspenSkiCo
2018-02-10,Aspen,Aspen Highlands Log,>TL,3543,-9,-2,-9,-10,89,7,12,16,?,?,?,?,?,?,?,AspenSkiCo
2018-02-10,Aspen,Snowmass SA Big Bur,>TL,3637,-9,-3,-9,-10,93,6,75,14,?,?,?,?,?,?,?,AspenSkiCo
2018-02-10,Aspen,Snowmass SA Baldy,>TL,3872,-10,-6,-10,-12,89,15,235,33,?,?,?,?,?,?,?,AspenSkiCo
2018-02-10,North San Juan,Dallas Creek nr Rid,<TL,2128,?,?,?,?,?,?,?,?,?,?,0.48,?,?,?,?,HADS
2018-02-10,North San Juan,Placerville,<TL,2143,7,14,-3,?,?,?,?,?,?,?,0.20,?,?,?,?,HADS
2018-02-10,North San Juan,La Garita Creek nr,<TL,2448,?,?,?,?,?,?,?,?,?,?,0.00,?,?,?,?,HADS
2018-02-10,North San Juan,Portland Precip,<TL,2463,?,?,?,?,?,?,?,?,?,?,0.18,?,?,?,?,HADS
2018-02-10,North San Juan,Montrose 11ENE,<TL,2515,1,7,1,-9,45,?,?,?,?,?,?,?,?,?,?,MesoWest
2018-02-10,North San Juan,Ouray .23 NNW CO,<TL,2525,?,?,?,?,?,?,?,?,?,?,?,0.0,?,2.5,?,CoCoRaHS
2018-02-10,North San Juan,EW6300 Lake City,<TL,2638,1,10,-6,-3,78,5,227,13,?,0.00,?,?,?,?,?,APRSWXNET
2018-02-10,North San Juan,Telluride Valley Fl,<TL,2649,2,9,-6,-6,55,11,262,16,?,?,?,?,?,10.7,?,MTNSTUDIES
2018-02-10,North San Juan,Rico,<TL,2722,2,9,-4,-9,44,5,163,19,0.00,?,0.00,?,?,17.0,?,CAIC
2018-02-10,North San Juan,Telluride (145S070),<TL,2767,1,9,-3,-8,50,3,250,19,0.00,0.00,?,?,?,?,?,CODOT
2018-02-10,North San Juan,Telluride,<TL,2769,1,3,1,-7,56,21,230,41,?,?,?,?,?,?,?,METAR
2018-02-10,North San Juan,West Fork Dallas Pr,<TL,2823,?,?,?,?,?,?,?,?,?,?,0.18,?,?,?,?,HADS
2018-02-10,North San Juan,Silverton (WS) (550,<TL,2823,-1,8,-9,-6,68,6,265,14,0.00,0.00,?,?,?,?,?,CODOT
2018-02-10,North San Juan,Upper Rio Grande,<TL,2865,4,10,-4,?,?,?,?,?,?,?,0.25,?,?,7.6,3.81,SNOTEL
2018-02-10,North San Juan,Red Mountain (550N0,<TL,2869,0,8,-5,-8,55,10,115,23,0.03,0.05,?,?,?,?,?,CODOT
2018-02-10,North San Juan,Monument,<TL,2909,0,8,-4,-7,58,?,?,?,?,?,0.00,?,?,55.6,?,CAIC
2018-02-10,North San Juan,Lone Cone,<TL,2926,1,7,-4,?,?,?,?,?,?,?,0.00,?,?,38.1,9.65,SNOTEL
2018-02-10,North San Juan,Creede 0.2 WSW CO,<TL,2953,?,?,?,?,?,?,?,?,?,?,?,0.0,?,0.0,?,CoCoRaHS
2018-02-10,North San Juan,Idarado,<TL,2987,1,7,-3,?,?,?,?,?,?,?,0.00,?,?,53.3,13.21,SNOTEL
2018-02-10,North San Juan,Cochetopa Pass,TL,3054,0,7,-4,?,?,?,?,?,?,?,0.00,?,?,12.7,3.05,SNOTEL
2018-02-10,North San Juan,Mineral Creek,TL,3060,-1,7,-6,?,?,?,?,?,?,?,0.00,?,?,50.8,11.68,SNOTEL
2018-02-10,North San Juan,El Diente Peak,TL,3109,-1,7,-5,?,?,?,?,?,?,?,0.51,?,?,38.1,11.68,SNOTEL
2018-02-10,North San Juan,Ironton Precip nr O,TL,3109,?,?,?,?,?,?,?,?,?,?,0.20,?,?,?,?,HADS
2018-02-10,North San Juan,Lizard Head Pass,TL,3109,-1,7,-5,?,?,?,?,?,?,?,0.00,?,?,38.1,12.19,SNOTEL
2018-02-10,North San Juan,Blue Park,TL,3179,0,7,-4,-12,40,24,239,43,?,0.00,?,?,?,?,?,RAWS
2018-02-10,North San Juan,Molas Lake,TL,3201,-2,6,-3,?,?,?,?,?,?,?,0.00,?,?,43.2,12.70,SNOTEL
2018-02-10,North San Juan,Molas Pass,TL,3292,-3,4,-4,-10,60,14,217,36,?,?,?,?,?,23.9,?,CAIC
2018-02-10,North San Juan,PBasin Telluride Sk,TL,3338,-5,3,-5,-7,83,?,?,?,?,?,?,0.5,?,64.5,?,TELLURIDE
2018-02-10,North San Juan,Swamp Angel,TL,3368,-4,7,-6,-7,82,8,240,30,0.00,?,0.00,?,?,80.3,?,CSAS
2018-02-10,North San Juan,Moon Pass,TL,3396,0,5,-3,?,?,?,?,?,?,?,0.00,?,?,15.2,4.06,MesoWest
2018-02-10,North San Juan,Governor Basin Prec,TL,3399,?,?,?,?,?,?,?,?,?,?,0.05,?,?,?,?,HADS
2018-02-10,North San Juan,Red Mountain Pass,TL,3399,-3,6,-5,?,?,?,?,?,?,?,0.25,?,?,76.2,21.59,SNOTEL
2018-02-10,North San Juan,Slumgullion,>TL,3524,-3,3,-4,?,?,?,?,?,?,?,0.00,?,?,55.9,12.45,SNOTEL
2018-02-10,North San Juan,Beartown,>TL,3536,-4,5,-4,?,?,?,?,?,?,?,0.25,?,?,15.2,15.24,SNOTEL
2018-02-10,North San Juan,Mt Abrams,>TL,3609,-7,-1,-7,-10,78,45,210,71,?,?,?,?,?,?,?,CAIC
2018-02-10,North San Juan,PHQ Telluride Ski R,>TL,3612,-6,2,-6,-8,85,28,235,54,?,?,?,0.3,?,78.0,?,TELLURIDE
2018-02-10,North San Juan,Senator Beck,>TL,3714,-7,2,-7,-11,78,39,264,76,?,?,?,?,?,?,?,CSAS
2018-02-10,North San Juan,Dynamo Telluride Sk,>TL,3731,-9,-2,-9,-10,92,43,226,69,?,?,?,?,?,?,?,TELLURIDE
2018-02-10,North San Juan,Putney,>TL,3757,-8,-2,-8,-9,91,35,236,49,?,?,?,?,?,?,?,CSAS
2018-02-10,North San Juan,Gold Hill Telluride,>TL,3825,-9,-3,-9,-11,86,44,241,63,?,?,?,?,?,?,?,TELLURIDE
2018-02-10,North San Juan,Eagle,>TL,3917,-9,-3,-9,-12,82,39,219,80,?,?,?,?,?,?,?,CAIC
2018-02-10,North San Juan,Kendall Mt,>TL,3982,-10,-4,-10,-12,88,53,198,71,?,?,?,?,?,?,?,CAIC
2018-02-10,Front Range,Cedarmont (034W069),<TL,2138,-8,11,-13,-11,81,?,?,?,?,?,?,?,?,?,?,CODOT
2018-02-10,Front Range,Livermore 10.5 WSW,<TL,2195,?,?,?,?,?,?,?,?,?,0.48,?,7.1,?,7.1,?,CoCoRaHS
2018-02-10,Front Range,Livermore 8.5 WSW C,<TL,2247,?,?,?,?,?,?,?,?,?,?,?,6.3,?,?,?,CoCoRaHS
2018-02-10,Front Range,Estes Park 0.6 SSE,<TL,2327,?,?,?,?,?,?,?,?,?,?,?,1.0,?,0.0,?,CoCoRaHS
2018-02-10,Front Range,CW3065 Estes Park,<TL,2347,-7,11,-12,-10,79,0,284,3,?,0.00,?,?,?,?,?,APRSWXNET
2018-02-10,Front Range,Genesee (070W253),<TL,2357,-11,11,-12,-12,95,0,340,0,0.00,0.00,?,?,?,?,?,CODOT
2018-02-10,Front Range,Estes Park,<TL,2384,-3,9,-11,-10,58,11,247,26,?,0.00,?,?,?,?,?,RAWS
2018-02-10,Front Range,Floyd Hill (070E247,<TL,2391,-10,9,-12,-12,91,5,139,6,0.00,0.03,?,?,?,?,?,CODOT
2018-02-10,Front Range,Nederland 4.8 ENE C,<TL,2391,?,?,?,?,?,?,?,?,?,?,?,3.0,?,2.5,?,CoCoRaHS
2018-02-10,Front Range,Red Feather Lakes 3,<TL,2407,?,?,?,?,?,?,?,?,?,?,?,6.6,0.48,?,?,CoCoRaHS
2018-02-10,Front Range,Evergreen 6.5 WSW C,<TL,2407,?,?,?,?,?,?,?,?,?,?,?,0.0,?,?,?,CoCoRaHS
2018-02-10,Front Range,Estes Park 3.3 SSW,<TL,2434,?,?,?,?,?,?,?,?,?,?,?,1.3,0.13,1.3,?,CoCoRaHS
2018-02-10,Front Range,Evergreen 5 W CO,<TL,2440,?,?,?,?,?,?,?,?,?,0.00,?,0.0,?,0.0,?,CoCoRaHS
2018-02-10,Front Range,Nederland 4.2 E CO,<TL,2442,?,?,?,?,?,?,?,?,?,0.18,?,3.0,?,2.5,?,CoCoRaHS
2018-02-10,Front Range,Evergreen 3.5 W CO,<TL,2465,?,?,?,?,?,?,?,?,?,?,?,0.0,?,?,?,CoCoRaHS
2018-02-10,Front Range,Estes Park 2.2 NE C,<TL,2467,?,?,?,?,?,?,?,?,?,0.10,?,1.3,?,1.3,?,CoCoRaHS
2018-02-10,Front Range,Redfeather,<TL,2504,-5,7,-12,-9,71,10,268,24,?,0.00,?,?,?,?,?,RAWS
2018-02-10,Front Range,Allens Park 1.5 ESE,<TL,2536,?,?,?,?,?,?,?,?,?,?,?,10.2,?,17.8,?,CoCoRaHS
2018-02-10,Front Range,Ward 4.6 NE CO,<TL,2577,?,?,?,?,?,?,?,?,?,?,?,9.4,?,17.8,?,CoCoRaHS
2018-02-10,Front Range,Nederland 2.61 NNE,<TL,2582,?,?,?,?,?,?,?,?,?,?,?,3.8,?,3.8,?,CoCoRaHS
2018-02-10,Front Range,Estes Park 1.8 S CO,<TL,2583,?,?,?,?,?,?,?,?,?,0.08,?,1.3,?,1.3,?,CoCoRaHS
2018-02-10,Front Range,Harbison Meadow,<TL,2591,-7,6,-7,-10,76,10,22,31,?,0.03,?,?,?,?,?,RAWS
2018-02-10,Front Range,North Fork South Pl,<TL,2614,-5,10,-10,?,?,?,?,?,?,?,0.00,?,?,?,?,HADS
2018-02-10,Front Range,Copeland Lake,<TL,2621,-4,6,-10,?,?,?,?,?,?,?,0.51,?,?,33.0,6.86,SNOTEL
2018-02-10,Front Range,South Platte River,<TL,2625,2,10,-10,?,?,?,?,?,?,?,0.00,?,?,?,?,HADS
2018-02-10,Front Range,KG0HM-2 Crystal Lak,<TL,2634,-7,4,-9,-10,76,2,313,?,?,?,?,?,?,?,?,APRSWXNET
2018-02-10,Front Range,Stillwater Creek,<TL,2658,-4,7,-4,?,?,?,?,?,?,?,0.00,?,?,50.8,13.97,SNOTEL
2018-02-10,Front Range,CW5469 Tabernash,<TL,2684,-7,6,-7,-8,88,10,311,19,?,0.48,?,?,?,?,?,APRSWXNET
2018-02-10,Front Range,PSF4 555,<TL,2688,0,13,-9,-9,50,8,193,23,?,0.00,?,?,?,?,?,RAWS
2018-02-10,Front Range,Lily Lake (007N007),<TL,2731,-6,6,-10,-9,76,6,290,19,?,?,?,?,?,?,?,CODOT
2018-02-10,Front Range,Phantom Valley,<TL,2752,-6,5,-6,?,?,?,?,?,?,?,0.25,?,?,66.0,18.80,SNOTEL
2018-02-10,Front Range,Bailey 6.4 NNW CO,<TL,2764,?,?,?,?,?,?,?,?,?,0.00,?,0.0,?,?,?,CoCoRaHS
2018-02-10,Front Range,Lake George 7.5 WSW,<TL,2766,?,?,?,?,?,?,?,?,?,?,?,0.0,?,?,?,CoCoRaHS
2018-02-10,Front Range,Ward (072W044),<TL,2789,-6,5,-11,-32,10,5,315,8,?,?,?,?,?,?,?,CODOT
2018-02-10,Front Range,CW5038 Ward,<TL,2808,-6,4,-12,-8,86,0,321,0,?,0.00,?,?,?,?,?,APRSWXNET
2018-02-10,Front Range,Lake George 7.2 WNW,<TL,2822,?,?,?,?,?,?,?,?,?,0.00,?,0.0,0.00,0.0,0.00,CoCoRaHS
2018-02-10,Front Range,CW5066 Gilpin Co.,<TL,2856,-6,4,-8,-10,69,19,313,40,?,0.00,?,?,?,?,?,APRSWXNET
2018-02-10,Front Range,Hourglass Lake,<TL,2859,-6,4,-6,?,?,?,?,?,?,?,1.02,?,?,88.9,18.80,MesoWest
2018-02-10,Front Range,Pickle Gulch,<TL,2859,-5,6,-7,-11,62,16,326,35,?,0.00,?,?,?,?,?,RAWS
2018-02-10,Front Range,Bear Lake,<TL,2896,-6,3,-7,?,?,?,?,?,?,?,0.51,?,?,104.1,20.57,SNOTEL
2018-02-10,Front Range,Wilkerson Pass (024,<TL,2906,-1,7,-3,-9,52,13,250,26,?,?,?,?,?,?,?,CODOT
2018-02-10,Front Range,Wild Basin,<TL,2914,-6,3,-8,?,?,?,?,?,?,?,0.51,?,?,101.6,24.64,SNOTEL
2018-02-10,Front Range,Guffey 5.5 W CO,<TL,2949,?,?,?,?,?,?,?,?,?,?,?,0.0,?,?,?,CoCoRaHS
2018-02-10,Front Range,Lake Eldora,<TL,2957,-5,3,-5,?,?,?,?,?,?,?,0.51,?,?,91.4,19.81,SNOTEL
2018-02-10,Front Range,Bakerville (070W221,<TL,2995,-7,4,-7,-9,88,19,240,34,?,?,?,?,?,?,?,CODOT
2018-02-10,Front Range,Crn Site nr Boulder,<TL,2996,-7,1,-7,-8,90,?,?,?,?,?,?,?,?,?,?,MesoWest
2018-02-10,Front Range,Niwot,TL,3021,-5,4,-5,?,?,?,?,?,?,?,1.52,?,?,454.7,19.05,SNOTEL
2018-02-10,Front Range,Joe Wright,TL,3085,-8,3,-8,?,?,?,?,?,?,?,1.52,?,?,119.4,28.45,SNOTEL
2018-02-10,Front Range,Fool Creek,TL,3109,-9,2,-9,-10,92,2,257,4,?,?,?,?,?,1.0,?,RMRS
2018-02-10,Front Range,Deadman Hill,TL,3115,-9,1,-9,?,?,?,?,?,?,?,1.27,?,?,137.2,34.80,SNOTEL
2018-02-10,Front Range,Never Summer,TL,3134,-8,2,-8,?,?,?,?,?,?,?,0.25,?,?,111.8,30.99,SNOTEL
2018-02-10,Front Range,University Camp,TL,3139,-6,1,-6,?,?,?,?,?,?,?,1.78,?,?,121.9,26.67,SNOTEL
2018-02-10,Front Range,Hermans Gulch (070W,TL,3152,-9,2,-9,-9,99,27,235,39,0.00,1.50,?,?,?,?,?,CODOT
2018-02-10,Front Range,Jones Pass,TL,3170,-7,2,-7,?,?,?,?,?,?,?,1.27,?,?,101.6,19.56,SNOTEL
2018-02-10,Front Range,US 6 Loveland Pass,TL,3218,14,26,14,?,?,3,320,23,0.00,?,?,?,?,?,?,CODOT
2018-02-10,Front Range,Cameron Pass,TL,3223,-11,1,-12,-12,92,8,249,15,?,?,?,?,?,144.0,?,CAIC
2018-02-10,Front Range,Echo Lake,TL,3231,-5,3,-5,?,?,?,?,?,?,?,0.25,?,?,444.5,6.86,SNOTEL
2018-02-10,Front Range,Lake Irene,TL,3262,-9,2,-9,?,?,?,?,?,?,?,1.02,?,?,?,34.54,SNOTEL
2018-02-10,Front Range,Willow Park,TL,3262,-9,0,-9,?,?,?,?,?,?,?,1.02,?,?,116.8,25.40,SNOTEL
2018-02-10,Front Range,Jackwhacker Gulch,TL,3341,-4,2,-5,?,?,?,?,?,?,?,0.51,?,?,?,17.27,SNOTEL
2018-02-10,Front Range,Bottle Peak,TL,3414,-12,-2,-12,-13,92,45,261,50,?,?,?,?,?,?,?,RMRS
2018-02-10,Front Range,Berthoud Summit,TL,3444,-9,1,-9,?,?,?,?,?,?,?,1.52,?,?,119.4,27.18,SNOTEL
2018-02-10,Front Range,Loveland Basin,TL,3475,-10,-1,-10,?,?,?,?,?,?,?,0.51,?,?,132.1,29.46,SNOTEL
2018-02-10,Front Range,Berthoud Pass,>TL,3615,-12,-4,-12,-13,91,27,346,49,?,?,?,?,?,?,?,CAIC
2018-02-10,Front Range,Loveland Pass,>TL,3624,-12,-5,-12,-13,91,28,315,47,?,?,?,?,?,?,?,CAIC
2018-02-10,Front Range,Berthoud Pass,>TL,3807,-13,-6,-13,-20,56,52,330,61,?,?,?,?,?,?,?,METAR
2018-02-10,Front Range,Loveland SA - Top #,>TL,3871,-15,-7,-15,-16,83,44,334,?,?,?,?,?,?,?,?,LovelandSA
